SET NAMES latin1;
USE `carsharing`;
SET FOREIGN_KEY_CHECKS = 1;
SET GLOBAL EVENT_SCHEDULER = ON;

INSERT INTO `account`	(`NomeUtente`, `Data`, `CodFiscale`, `Password`, `DomandaRiserva`, `RispostaRiserva`, `Stato`) VALUES
						('NomeU1', '2010-01-01', 'CF1', 'psw1', 'domanda1', 'risposta1', 'attivo'),
                        ('NomeU2', '2010-01-01', 'CF2', 'psw2', 'domanda2', 'risposta2', 'attivo'),
                        ('NomeU3', '2010-01-01', 'CF3', 'psw3', 'domanda3', 'risposta3', 'attivo'),
                        ('NomeU4', '2010-01-01', 'CF4', 'psw4', 'domanda4', 'risposta4', 'attivo'),
                        ('NomeU5', '2010-01-02', 'CF5', 'psw5', 'domanda5', 'risposta5', 'attivo'),
                        ('NomeU6', '2010-01-02', 'CF6', 'psw6', 'domanda6', 'risposta6', 'attivo'),
                        ('NomeU7', '2010-01-02', 'CF7', 'psw7', 'domanda7', 'risposta7', 'attivo'),
                        ('NomeU8', '2010-01-03', 'CF8', 'psw8', 'domanda8', 'risposta8', 'attivo'),
                        ('NomeU9', '2010-02-07', 'CF9', 'psw9', 'domanda9', 'risposta9', 'attivo');
                        
 INSERT INTO `utente`	(`CodFiscale`, `Nome`, `Cognome`, `NumeroTelefono`, `NumeroCivico`, `Via`, `CAP`) VALUES
						('CF1', 'Nome1', 'Cognome1', '3331111111', '1', 'Via1', '50000'),
						('CF2', 'Nome2', 'Cognome2', '3331111112', '2', 'Via2', '50000'),
                        ('CF3', 'Nome3', 'Cognome3', '3331111113', '3', 'Via3', '50000'),
                        ('CF4', 'Nome4', 'Cognome4', '3331111114', '1', 'Via4', '50001'),
                        ('CF5', 'Nome5', 'Cognome5', '3331111115', '1', 'Via5', '50001'),
                        ('CF6', 'Nome6', 'Cognome6', '3331111116', '1', 'Via6', '50001'),
                        ('CF7', 'Nome7', 'Cognome7', '3331111117', '1', 'Via7', '50001'),
                        ('CF8', 'Nome8', 'Cognome8', '3331111118', '1', 'Via8', '50001'),
                        ('CF9', 'Nome9', 'Cognome9', '3331111119', '1', 'Via9', '50002');
                        
INSERT INTO `documento`	(`Numero`, `CodFiscale`, `Tipologia`, `Scadenza`, `EnteRilascio`) VALUES
						('1', 'CF1', 'Tipo1', '2026-01-01', 'Ente1'),
                        ('2', 'CF2', 'Tipo1', '2026-01-02', 'Ente1'),
                        ('3', 'CF3', 'Tipo1', '2026-03-01', 'Ente1'),
                        ('4', 'CF4', 'Tipo2', '2026-02-01', 'Ente2'),
                        ('5', 'CF5', 'Tipo2', '2026-05-01', 'Ente2'),
                        ('6', 'CF6', 'Tipo2', '2026-12-01', 'Ente2'),
                        ('7', 'CF7', 'Tipo2', '2026-11-21', 'Ente2'),
                        ('8', 'CF8', 'Tipo3', '2026-02-18', 'Ente3'),
                        ('9', 'CF9', 'Tipo3', '2026-11-01', 'Ente3');

INSERT INTO `fruitore`	(`CodiceFruitore`, `CodFiscale`) VALUES
						('CFr1', 'CF1'),
                        ('CFr5', 'CF5'),
                        ('CFr6', 'CF6'),
                        ('CFr7', 'CF7'),
                        ('CFr8', 'CF8'),
                        ('CFr9', 'CF9');


INSERT INTO `proponente`	(`CodiceProponente`, `CodFiscale`) VALUES
							('CPr1', 'CF1'),
                            ('CPr2', 'CF2'),
                            ('CPr3', 'CF3'),
                            ('CPr4', 'CF4');

INSERT INTO `modello`  (`NomeModello`,
						`ConsumoMisto`,
						`ConsumoUrbano`,
						`ConsumoExtraurbano`,
						`CasaProduttrice`,
						`NPosti`,
						`Alimentazione`,
						`Comfort`,
						`Serbatoio`,
						`Cilindrata`
					   ) VALUES
('Modello1', '15', '10', '20', 'Casa1', '5', 'benzina', '4', '75', '1500'),
('Modello2', '12', '8', '17', 'Casa2', '5', 'gpl', '2', '75', '1500'),
('Modello3', '15', '10', '20', 'Casa3', '5', 'metano', '3', '75', '1500'),
('Modello4', '15', '10', '20', 'Casa4', '5', 'diesel', '4', '75', '1500'),
('Modello5', '15', '10', '20', 'Casa5', '5', 'benzina', '5', '75', '1500'),
('Modello6', '15', '10', '20', 'Casa6', '5', 'gpl', '1', '75', '1200'),
('Modello7', '15', '10', '20', 'Casa7', '5', 'metano', '3', '75', '1400'),
('Modello8', '15', '10', '20', 'Casa8', '5', 'benzina', '3', '75', '1300'),
('Modello9', '15', '10', '20', 'Casa9', '5', 'benzina', '5', '75', '1700');

INSERT INTO `autovettura`	(`Targa`,
							 `CodiceProponente`,
                             `AnnoImmatricolazione`,
                             `CostoOperativo`,
                             `CostoUsura`,
                             `CostoExtra`,
							 `ChilometriPercorsi`,
                             `Disponibilita`,
                             `CarburanteDisponibile`,
                             `NomeModello`
                             ) VALUES
('Targa1', 'CPr1', '2010', '0.1', '0.1', '0.1', '50000', 'disponibile', '40.2', 'Modello1'),
('Targa2', 'CPr2', '2010', '0.1', '0.1', '0.1', '50000', 'disponibile', '40.2', 'Modello2'),
('Targa3', 'CPr3', '2010', '0.1', '0.1', '0.1', '50000', 'disponibile', '40.2', 'Modello3'),
('Targa4', 'CPr4', '2010', '0.1', '0.1', '0.1', '50000', 'disponibile', '40.2', 'Modello4'),
('Targa5', 'CPr1', '2010', '0.1', '0.1', '0.1', '50000', 'disponibile', '40.2', 'Modello5'),
('Targa6', 'CPr2', '2010', '0.1', '0.1', '0.1', '50000', 'disponibile', '40.2', 'Modello6'),
('Targa7', 'CPr3', '2010', '0.1', '0.1', '0.1', '50000', 'disponibile', '40.2', 'Modello7'),
('Targa8', 'CPr4', '2010', '0.1', '0.1', '0.1', '50000', 'disponibile', '40.2', 'Modello8'),
('Targa9', 'CPr1', '2010', '0.1', '0.1', '0.1', '50000', 'disponibile', '40.2', 'Modello9');

INSERT INTO `tragitto`	(`CodiceTragitto`, `PosizioneArrivo`, `PosizionePartenza`) VALUES
						('CodVariazione1', 'PosArr1', 'PosPart1'),
                        ('TrNoleggio1', 'PosArr2', 'PosPart2'),
                        ('TrNoleggio2', 'PosArr3', 'PosPart3'),
                        ('TrNoleggio3', 'PosArr4', 'PosPart4'),
                        ('TrNoleggio4', 'PosArr5', 'PosPart5'),
                        ('TrNoleggio5', 'PosArr6', 'PosPart6'),
                        ('TrNoleggio6', 'PosArr7', 'PosPart7'),
                        ('TrNoleggio7', 'PosArr8', 'PosPart8'),
                        ('TrNoleggio8', 'PosArr9', 'PosPart9'),
                        ('TragPool1', 'PosArr10', 'PosPart10'),
                        ('TragPool2', 'PosArr11', 'PosPart11'),
                        ('TragPool3', 'PosArr12', 'PosPart12'),
                        ('TragittoRide1', 'PosArr13', 'PosPart13'),
                        ('TragittoRide2', 'PosArr14', 'PosPart14'),
                        ('TragittoRide3', 'PosArr15', 'PosPart15');

INSERT INTO `pool`			(`IDPool`,
							 `CodiceTragitto`,
                             `CodiceProponente`,
                             `Targa`,
                             `Flessibilita`,
                             `NumeroPosti`,
							 `OreChiusura`,
                             `Spesa`,
                             `Partenza`,
                             `GiornoArrivo`,
                             `Stato`,
                             `PartenzaEffettiva`
                             ) VALUES
('IDPool1', 'TragPool1', 'CPr1', 'Targa2', 'bassa', '3', '0', '15', '2017-02-07 14:00:00', '2017-02-07 19:45:23', 'chiuso', '2017-02-07 14:01:48'),
('IDPool2', 'TragPool2', 'CPr2', 'Targa4', 'media', '2', '0', '17.50', '2017-03-08 12:00:00', '2017-03-08 17:45:23', 'chiuso', '2017-03-08 12:31:48'),
('IDPool3', 'TragPool3', 'CPr3', 'Targa8', 'alta', '4', '0', '16.40', '2017-09-21 14:00:00', '2017-09-21 19:42:12', 'chiuso', '2017-09-21 14:05:48');

INSERT INTO `variazione`	(`IDPool`, `IDFruitore`, `Accettata`, `Entita`, `CodiceTragitto`) VALUES
							('IDPool1', 'CFr1', 'rifiutata', 'bassa', 'CodVariazione1');

INSERT INTO `chiamatasharing`(`Codice`,
							 `CodiceFruitore`,
                             `PosizioneFruitore`,
                             `Destinazione`,
                             `TimestampChiamata`,
                             `TimestampRisposta`,
                             `Stato`
                             ) VALUES
('CCH1', 'CFr5', 'PosFr1', 'Destinazione1', '2011-01-01 13:35:12', '2011-01-01 13:35:30', 'accettata'),
('CCH2', 'CFr6', 'PosFr2', 'Destinazione2', '2011-01-02 12:35:12', '2011-01-02 13:35:30', 'accettata'),
('CCH3', 'CFr7', 'PosFr3', 'Destinazione3', '2011-01-03 13:35:12', '2011-01-03 13:35:30', 'rifiutata'),
('CCH4', 'CFr8', 'PosFr4', 'Destinazione4', '2011-01-04 13:35:12', '2011-01-04 13:35:30', 'accettata');

INSERT INTO `prenotazionep`(`CodiceFruitore`,
							`IDPool`,
							`CodicePrenotazione`
							) VALUES
							('CFr1', 'IDPool1', 'IDPren1'),
							('CFr5', 'IDPool2', 'IDPren2'),
							('CFr9', 'IDPool3', 'IDPren3');

INSERT INTO `optional`	(`Targa`, `Connettivita`, `Tavolini`, `Tettovetro`, `DimensioneBagagliaio`, `RumoreAbitacolo`) VALUES
						('Targa1', '1', '0', '1', '300','60'),
                        ('Targa2', '1', '0', '0', '300','50'),
                        ('Targa3', '1', '0', '0', '300','55'),
                        ('Targa4', '1', '0', '1', '300','60'),
                        ('Targa5', '1', '0', '0', '400','56'),
                        ('Targa6', '1', '0', '0', '400','53'),
                        ('Targa7', '0', '1', '0', '300','60'),
                        ('Targa8', '0', '0', '0', '350','56'),
                        ('Targa9', '0', '1', '1', '300','61');

INSERT INTO `noleggio`		(`IDNoleggio`,
							 `CodiceFruitore`,
                             `Targa`,
                             `DataInizio`,
                             `CarburanteFineNoleggio`,
                             `DataFine`,
							 `CodiceTragitto`
                             ) VALUES
('IDNoleggio1', 'CFr1', 'Targa1', '2013-04-01', '25.2', '2013-04-03', 'TrNoleggio1'),
('IDNoleggio2', 'CFr1', 'Targa2', '2013-05-01', '15.2', '2013-05-03', 'TrNoleggio2'),
('IDNoleggio3', 'CFr5', 'Targa3', '2013-05-07', '35.2', '2013-05-08', 'TrNoleggio3'),
('IDNoleggio4', 'CFr5', 'Targa4', '2013-09-01', '25.4', '2013-09-04', 'TrNoleggio4'),
('IDNoleggio5', 'CFr6', 'Targa5', '2014-04-01', '40.2', '2014-04-03', 'TrNoleggio5'),
('IDNoleggio6', 'CFr7', 'Targa6', '2013-04-11', '23.2', '2013-04-17', 'TrNoleggio6'),
('IDNoleggio7', 'CFr8', 'Targa7', '2015-04-01', '34.5', '2015-04-03', 'TrNoleggio7'),
('IDNoleggio8', 'CFr9', 'Targa9', '2016-04-01', '28.9', '2016-04-03', 'TrNoleggio8');

INSERT INTO `prenotazionen`	(`CodiceFruitore`, `IDNoleggio`, `Accettata`) VALUES
							('CFr1', 'IDNoleggio1', 'accettata'),
                            ('CFr1', 'IDNoleggio2', 'accettata'),
                            ('CFr5', 'IDNoleggio3', 'accettata'),
                            ('CFr5', 'IDNoleggio4', 'accettata'),
                            ('CFr6', 'IDNoleggio5', 'accettata'),
                            ('CFr7', 'IDNoleggio6', 'accettata'),
                            ('CFr8', 'IDNoleggio7', 'accettata'),
                            ('CFr9', 'IDNoleggio8', 'accettata');

INSERT INTO `incidente`(`IDNoleggio`,
						`Timestamp`,
						`Dinamica`
						) VALUES
						('IDNoleggio1', '2013-09-03 17:09:13', 'Dinamica1'),
						('IDNoleggio2', '2013-04-15 18:19:12', 'Dinamica2'),
						('IDNoleggio3', '2016-04-02 14:57:09', 'Dinamica3');

INSERT INTO `autocoinvolta`	(`Targa`, `IDNoleggio`, `Timestamp`, `CasaAutomobilistica`, `Modello`) VALUES
							('TargaI1', 'IDNoleggio1', '2013-09-03 17:09:13', 'CasaI1', 'ModelloI1'),
                            ('TargaI2', 'IDNoleggio2', '2013-04-15 18:19:12', 'CasaI2', 'ModelloI2'),
                            ('TargaI3', 'IDNoleggio3', '2016-04-02 14:57:09', 'CasaI3', 'ModelloI3');

INSERT INTO `ridesharing`	(`IDSharing`, `CodiceTragitto`, `Targa`, `OrarioArrivo`, `OrarioPartenza`, `PartenzaEffettiva`, `CodiceProponente`) VALUES
							('IDRide1', 'TragittoRide1', 'Targa2', '2015-03-03 10:59:59', '2015-03-03 09:45:00', '2015-03-03 09:47:23', 'CPr1'),
                            ('IDRide2', 'TragittoRide2', 'Targa4', '2014-03-03 10:59:59', '2014-03-03 09:45:00', '2014-03-03 09:47:23', 'CPr2'),
                            ('IDRide3', 'TragittoRide3', 'Targa8', '2015-07-18 11:29:36', '2015-03-03 10:00:00', '2015-03-03 10:06:12', 'CPr3');

INSERT INTO `corsasharing`	(`Codice`, `IDSharing`) VALUES
							('CCH1', 'IDRide1'),
                            ('CCH2', 'IDRide2'),
                            ('CCH4', 'IDRide3');

INSERT INTO `fasciaoraria`	(`Targa`, `OraInizio`, `OraFine`, `Giorno`) VALUES
							('Targa1', '15:00:00', '17:00:00', 'lun'),
							('Targa2', '17:00:00', '19:00:00', 'mar'),
							('Targa3', '12:00:00', '20:00:00', 'mer'),
							('Targa4', '08:00:00', '17:30:00', 'gio'),
							('Targa5', '19:00:00', '23:45:00', 'sab'),
							('Targa6', '09:00:00', '14:30:00', 'dom'),
							('Targa7', '15:00:00', '17:00:00', 'lun'),
							('Targa8', '16:30:00', '22:00:00', 'ven'),
							('Targa9', '11:45:00', '19:15:00', 'ven');

INSERT INTO `valutazione`	(`Codice`,
							 `CodiceTragitto`,
                             `CodFiscale`,
                             `TestoValutazione`,
                             `Comportamento`,
                             `Serieta`,
							 `PiacereViaggio`,
                             `GiudizioPersona`,
                             `Ruolo`,
                             `Valutato`
                             ) VALUES
('Cod1', 'TragittoRide1', 'CF5', 'Testo1', '5', '5', '5', '5', 'proponente', 'CF1'),
('Cod3', 'TragittoRide2', 'CF6', 'Testo3', '2', '2', '3', '2', 'proponente', 'CF2'),
('Cod4', 'TragittoRide3', 'CF8', 'Testo4', '5', '3', '3', '5', 'proponente', 'CF3'),
('Cod5', 'TrNoleggio3', 'CF5', 'Testo6', '5', '5', '4', '5', 'fruitore', 'CF5'),
('Cod6', 'TrNoleggio5', 'CF6', 'Testo7', '5', '4', '4', '5', 'fruitore', 'CF6'),
('Cod7', 'TrNoleggio6', 'CF7', 'Testo8', '4', '5', '4', '5', 'fruitore', 'CF7'),
('Cod8', 'TrNoleggio7', 'CF8', 'Testo9', '5', '5', '4', '5', 'fruitore', 'CF8');

INSERT INTO `strada` VALUES ('03 hu','vjqi','Frami Union','nsnk','15.00','2','1','1','sght'),
('05 pr','gruy','Luettgen Loaf','fxlc','15.00','2','1','2','puxw'),
('07 re','aujx','Theron Cove','vdbt','31.00','2','2','1','bhmi'),
('10 vy','iprj','Anderson Mall','uixd','35.00','2','1','2','lhcf'),
('13 fw','yjje','Windler Walks','lhwi','14.00','1','2','2','navx'),
('18 az','klln','Kaia Rue','rfba','17.00','2','1','1','uwts'),
('22 do','eigd','Vickie Radial','ybft','11.00','2','1','2','emep'),
('26 xu','tsze','Bailey Junction','wawo','34.00','1','2','1','uxnz'),
('40 bo','mpse','Moore Square','ixkw','42.00','2','2','2','xqpa'),
('42 gm','clld','Douglas Walks','wwdn','37.00','2','1','1','nlfm'),
('43 or','ouym','Schamberger River','lqvo','34.00','2','2','2','leet'),
('48 tj','nbnj','Witting Greens','xpbb','1.00','1','2','1','dkoq'),
('49 bp','saqb','Leuschke Plain','lntc','32.00','1','2','1','stan'),
('49 rt','fqqk','Douglas Ranch','gdfd','49.00','2','2','1','ykza'),
('51 qk','yeqp','Brekke Plains','czyr','38.00','1','1','2','gdoe'),
('54 ul','wwuj','Corene Ports','msfu','32.00','2','1','1','oxov'),
('55 xd','uyrn','Joesph Circle','ratb','44.00','1','2','2','azno'),
('57 ij','zjmq','Mueller Plaza','zjzo','50.00','2','2','1','kdvd'),
('57 ni','ysvf','Helen Ford','ernj','11.00','1','2','2','jlsk'),
('59 iv','xjto','Grant Bridge','ogvi','4.00','1','1','1','xjlx'),
('66 xn','vnyf','Farrell Shoals','fkrs','9.00','2','1','2','ellj'),
('67 dz','vsob','Sylvan Oval','eeew','50.00','1','1','2','fjsv'),
('67 js','lkqx','Dach Creek','hymh','32.00','1','1','1','dzpu'),
('74 sy','wcti','Davis Mission','rtku','15.00','2','2','1','gfur'),
('80 yb','bjxu','Dicki Roads','xwyu','46.00','1','1','1','ezfs'),
('83 jy','hsnt','Rebecca Falls','agmy','23.00','2','2','2','xbtt'),
('83 qc','bxcv','Toney Point','rkfs','50.00','2','2','2','tarf'),
('89 jb','dmwb','Keebler Groves','lydv','25.00','2','2','1','nban'),
('90 ss','qosh','Sidney Ferry','yidw','26.00','2','1','1','ezvh'),
('94 de','lomm','Waters Loop','icpx','38.00','2','1','1','ndxv'); 

INSERT INTO `chilometro` VALUES ('03 hu','293','-26.29','-84.39','70.00',NULL,'00:01:49'),
('03 hu','426','-59.90','135.91','30.00',NULL,'00:02:06'),
('05 pr','169','-61.94','-14.99','50.00',NULL,'00:03:28'),
('05 pr','584','37.80','-104.03','70.00',NULL,'00:01:38'),
('07 re','108','-2.57','128.90','30.00',NULL,'00:02:25'),
('07 re','302','-29.92','-123.78','70.00',NULL,'00:01:47'),
('10 vy','740','11.14','0.58','50.00',NULL,'00:03:18'),
('10 vy','814','-28.33','160.30','90.00',NULL,'00:02:52'),
('13 fw','513','-35.26','77.04','70.00',NULL,'0:01:30'),
('13 fw','783','88.90','45.88','40.00',NULL,'00:02:35'),
('18 az','89','33.59','126.18','30.00',NULL,'00:02:21'),
('18 az','148','80.98','-64.24','30.00',NULL,'00:02:39'),
('22 do','141','-5.49','-6.67','30.00',NULL,'00:03:05'),
('22 do','247','-31.22','152.94','30.00',NULL,'00:03:20'),
('26 xu','42','61.03','77.04','40.00',NULL,'00:01:12'),
('26 xu','345','-36.23','-56.26','30.00',NULL,'00:02:31'),
('40 bo','166','57.66','-128.26','40.00',NULL,'00:02:31'),
('40 bo','498','-42.30','-147.89','50.00',NULL,'00:01:39'),
('42 gm','399','40.90','-112.85','50.00',NULL,'00:01:55'),
('42 gm','457','-68.60','100.77','70.00',NULL,'00:02:14'),
('43 or','292','-55.03','131.14','90.00',NULL,'00:01:33'),
('43 or','645','44.89','167.62','30.00',NULL,'00:01:49'),
('48 tj','118','65.75','-141.20','30.00',NULL,'00:01:29'),
('48 tj','338','-69.04','-175.28','70.00',NULL,'00:01:27'),
('49 bp','16','65.68','112.60','70.00',NULL,'00:01:28'),
('49 bp','369','17.89','85.12','40.00',NULL,'00:01:36'),
('49 rt','122','78.92','-140.50','50.00',NULL,'00:03:50'),
('49 rt','199','34.63','93.58','30.00',NULL,'00:02:58'),
('51 qk','9','-85.79','128.66','70.00',NULL,'00:01:53'),
('51 qk','436','33.95','-154.78','50.00',NULL,'00:03:37'),
('54 ul','770','66.18','-78.29','90.00',NULL,'00:01:12'),
('54 ul','861','-67.40','-49.23','40.00',NULL,'00:02:30'),
('55 xd','346','-59.26','80.25','40.00',NULL,'00:03:47'),
('55 xd','805','72.85','-110.09','40.00',NULL,'00:02:15'),
('57 ij','490','49.44','-22.98','30.00',NULL,'00:02:11'),
('57 ij','739','-61.45','-111.52','70.00',NULL,'00:02:50'),
('57 ni','561','-20.09','0.19','70.00',NULL,'00:01:54'),
('57 ni','959','56.14','68.87','50.00',NULL,'00:02:32'),
('59 iv','212','85.25','-15.51','70.00',NULL,'00:01:44'),
('59 iv','642','-60.05','64.15','90.00',NULL,'00:01:27'),
('66 xn','422','-12.07','78.86','50.00',NULL,'00:01:21'),
('66 xn','694','-79.88','116.69','40.00',NULL,'00:02:35'),
('67 dz','361','-85.35','-157.41','30.00',NULL,'00:01:30'),
('67 dz','752','26.21','151.97','50.00',NULL,'00:02:13'),
('67 js','378','-45.73','129.32','90.00',NULL,'00:01:02'),
('67 js','724','29.75','-0.40','40.00',NULL,'00:03:11'),
('74 sy','58','81.68','-161.40','40.00',NULL,'00:02:04'),
('74 sy','127','41.45','33.73','70.00',NULL,'00:01:47'),
('80 yb','951','62.05','132.37','40.00',NULL,'00:03:07'),
('80 yb','974','37.87','98.00','40.00',NULL,'00:02:24'),
('83 jy','454','-77.14','39.77','30.00',NULL,'00:03:49'),
('83 jy','798','65.68','-46.47','70.00',NULL,'00:01:46'),
('83 qc','256','44.24','-175.32','50.00',NULL,'00:02:37'),
('83 qc','742','30.37','-8.42','70.00',NULL,'00:01:34'),
('89 jb','406','-83.82','81.26','70.00',NULL,'00:01:00'),
('89 jb','963','-56.08','-120.32','70.00',NULL,'00:02:00'),
('90 ss','92','58.70','-55.32','90.00',NULL,'00:01:48'),
('90 ss','913','57.07','27.65','50.00',NULL,'00:03:54'),
('94 de','404','62.31','98.20','70.00',NULL,'00:01:50'),
('94 de','500','-32.38','5.18','50.00',NULL,'00:01:04'); 

INSERT INTO `posizione` VALUES ('00 ia','57 ij','-12.32','-53.18','1970-02-12 19:53:35','1','TrNoleggio1'),
('01 mw','07 re','-14.11','-147.52','2011-09-27 14:52:50','1','TragittoRide1'),
('01 sz','80 yb','-1.99','-136.46','2008-08-19 10:57:35','2','TrNoleggio1'),
('03 rv','42 gm','-80.84','155.17','1975-02-06 10:32:56','1','TrNoleggio5'),
('07 jr','49 rt','83.96','-154.54','1988-04-16 09:45:06','1','TrNoleggio7'),
('07 zc','48 tj','88.42','151.05','1973-02-27 13:04:11','1','TragPool3'),
('09 ho','43 or','-87.54','24.31','2006-03-05 05:47:49','2','TragittoRide1'),
('09 ss','07 re','-32.56','34.53','2018-02-23 05:31:44','1','TrNoleggio2'),
('10 kw','26 xu','42.15','48.96','2007-10-24 18:48:54','1','TragittoRide2'),
('11 fl','51 qk','-31.32','57.58','2013-02-19 08:28:17','1','TragPool1'),
('12 yt','57 ni','-85.88','-91.22','2005-11-14 20:11:41','2','TrNoleggio7'),
('13 jf','83 jy','54.27','-154.80','2016-09-25 13:55:17','2','TragPool3'),
('14 bb','49 bp','-19.96','-146.37','1998-11-12 23:07:30','2','TragPool1'),
('14 cb','40 bo','-39.91','13.16','1990-08-13 09:58:39','1','CodVariazione1'),
('15 sv','57 ni','-32.42','-157.27','2018-10-29 06:03:24','1','TrNoleggio3'),
('17 on','67 dz','-5.60','-53.49','1982-11-04 16:36:30','2','TrNoleggio3'),
('18 lg','55 xd','-32.60','159.71','1985-08-15 00:40:47','1','TrNoleggio4'),
('18 xa','42 gm','-8.60','-152.63','1985-04-17 04:53:12','2','TragittoRide2'),
('19 az','59 iv','70.06','142.81','2012-03-08 02:54:58','2','TrNoleggio2'),
('20 fg','07 re','-69.29','0.59','1984-07-25 17:34:29','2','TrNoleggio4'),
('20 ji','40 bo','-11.01','153.04','1979-01-31 22:43:51','3','TragPool1'),
('21 fn','51 qk','14.04','-49.95','1997-05-17 02:13:15','1','TragittoRide3'),
('21 ho','10 vy','-52.20','42.78','1973-06-06 09:46:02','2','TrNoleggio5'),
('21 oc','43 or','86.73','79.70','1972-06-08 12:19:05','3','TragittoRide2'),
('22 wt','90 ss','24.30','-92.69','1974-08-12 08:36:40','3','TrNoleggio3'),
('23 qn','10 vy','-77.42','59.39','1991-11-21 13:54:03','3','TrNoleggio2'),
('24 no','40 bo','69.08','152.38','1996-01-26 12:05:17','3','TrNoleggio7'),
('24 xw','26 xu','-67.63','30.50','2016-11-27 15:34:13','4','TrNoleggio3'),
('25 ag','22 do','-1.13','-84.35','2005-01-22 08:46:20','3','TrNoleggio4'),
('25 py','89 jb','85.15','-62.38','2001-04-06 06:24:41','1','TrNoleggio6'),
('27 fs','74 sy','-13.74','-4.50','1990-12-19 05:39:39','4','TrNoleggio7'),
('27 qn','49 bp','30.17','119.22','1984-11-09 00:51:34','3','TragPool3'),
('27 ro','22 do','23.85','3.06','1987-03-04 12:46:24','4','TrNoleggio2'),
('27 uu','03 hu','-59.18','84.08','1998-12-06 14:49:30','3','TrNoleggio1'),
('28 cy','90 ss','0.92','-61.74','2014-02-25 15:14:58','3','TrNoleggio5'),
('29 yw','18 az','-84.90','-49.83','1999-02-18 17:09:11','2','CodVariazione1'),
('31 ay','49 rt','-25.38','40.29','1993-05-04 00:21:02','2','TragittoRide3'),
('32 zw','42 gm','-86.31','-136.66','1988-06-03 05:07:15','4','TrNoleggio5'),
('34 fw','94 de','-77.58','-28.15','1989-01-19 00:22:10','5','TrNoleggio3'),
('35 lm','54 ul','-87.29','91.30','1990-03-24 11:45:53','6','TrNoleggio3'),
('35 qh','80 yb','86.62','169.81','2016-02-09 23:15:24','5','TrNoleggio2'),
('36 ij','74 sy','31.10','-97.79','1971-03-20 12:00:36','4','TrNoleggio4'),
('37 nz','67 js','50.32','-129.78','1972-02-15 02:15:04','6','TrNoleggio2'),
('37 ow','59 iv','56.78','127.39','1976-01-24 23:20:49','5','TrNoleggio7'),
('38 uw','18 az','72.42','49.53','2013-02-16 14:14:16','5','TrNoleggio4'),
('39 cs','66 xn','-16.50','28.78','1989-09-20 04:54:33','3','TragittoRide1'),
('39 ry','03 hu','-79.08','-90.45','2016-02-03 23:30:28','3','TragittoRide3'),
('40 qh','83 jy','33.30','71.60','1978-09-10 12:00:51','4','TragittoRide3'),
('41 eh','42 gm','-64.66','85.01','1991-08-26 20:53:09','7','TrNoleggio3'),
('42 bx','13 fw','1.35','139.86','1987-05-18 18:47:20','4','TrNoleggio1'),
('42 is','67 dz','-8.22','138.45','2011-09-09 20:56:44','6','TrNoleggio4'),
('43 aw','10 vy','87.33','-99.92','2016-11-03 21:43:54','1','TrNoleggio8'),
('43 ze','05 pr','-83.49','28.18','1983-08-29 03:50:01','6','TrNoleggio7'),
('44 vw','57 ni','-88.36','-10.06','1988-10-11 23:37:59','7','TrNoleggio7'),
('44 zc','55 xd','-75.85','-172.25','1992-08-08 06:25:52','5','TrNoleggio5'),
('47 wn','43 or','-67.43','-23.48','2006-01-22 22:13:25','5','TrNoleggio1'),
('48 mp','94 de','-24.61','-124.21','2019-02-04 21:07:40','4','TragPool1'),
('49 ed','67 js','33.89','51.38','2012-05-28 23:06:30','8','TrNoleggio7'),
('49 vr','80 yb','-42.37','86.06','1974-02-14 13:32:01','2','TrNoleggio8'),
('50 aa','05 pr','-41.21','-20.32','2011-05-31 07:43:54','6','TrNoleggio5'),
('50 pz','48 tj','-36.94','-34.98','2000-06-17 22:39:30','3','CodVariazione1'),
('53 pg','57 ij','-70.29','24.78','1976-05-30 15:31:47','7','TrNoleggio4'),
('55 wr','89 jb','73.33','127.02','1976-12-02 16:11:19','1','TragPool2'),
('56 ao','66 xn','-28.52','22.40','1973-08-15 09:33:33','2','TragPool2'),
('57 qe','83 qc','43.06','-126.21','2013-11-02 00:15:22','7','TrNoleggio2'),
('58 pn','67 dz','-73.84','-20.19','2003-03-20 10:29:14','4','TragittoRide2'),
('59 sz','66 xn','-13.71','63.02','1978-08-25 03:14:35','8','TrNoleggio3'),
('60 ds','90 ss','-41.36','-36.39','2012-10-05 13:50:55','3','TrNoleggio8'),
('62 ma','54 ul','57.89','175.23','1992-01-07 03:07:34','7','TrNoleggio5'),
('63 ie','55 xd','-65.36','-141.27','2000-10-28 08:02:29','4','CodVariazione1'),
('64 vm','83 jy','-14.76','66.63','1996-10-07 19:03:52','8','TrNoleggio5'),
('66 fn','07 re','-21.96','-138.69','1988-08-03 09:13:11','4','TragPool3'),
('68 pn','49 bp','-53.00','-145.79','1981-05-11 12:34:06','2','TrNoleggio6'),
('68 wj','13 fw','3.18','99.25','2018-08-05 04:24:23','4','TragittoRide1'),
('70 jy','57 ij','-9.75','142.36','1990-03-02 04:59:25','5','CodVariazione1'),
('71 lu','10 vy','-46.64','-2.40','1972-03-16 21:47:14','5','TragittoRide1'),
('71 rl','83 qc','79.67','147.18','1997-09-28 13:14:21','6','CodVariazione1'),
('72 aj','74 sy','-17.50','138.08','1996-12-28 03:20:20','7','CodVariazione1'),
('77 ey','40 bo','45.57','26.15','1983-01-30 06:31:09','5','TragittoRide2'),
('77 xs','67 js','-49.29','5.37','1992-01-11 04:36:05','9','TrNoleggio7'),
('78 wv','49 rt','77.44','59.92','2008-08-11 01:32:39','3','TragPool2'),
('79 ao','05 pr','-71.42','100.72','1981-10-27 02:45:21','8','TrNoleggio2'),
('80 yl','03 hu','-48.61','-135.20','1978-08-20 09:10:28','8','CodVariazione1'),
('81 ye','48 tj','20.34','63.85','2012-03-10 10:44:48','5','TragittoRide3'),
('82 nw','94 de','-35.98','-163.82','2008-01-06 09:40:35','9','TrNoleggio5'),
('84 lz','26 xu','9.45','-61.11','1970-05-30 23:49:47','3','TrNoleggio6'),
('84 wn','22 do','43.26','31.97','1974-10-17 05:13:17','6','TrNoleggio1'),
('85 tc','59 iv','62.92','-44.07','1983-06-12 01:30:25','9','CodVariazione1'),
('86 hf','03 hu','-32.17','-171.69','1977-04-02 09:29:34','4','TrNoleggio6'),
('88 fm','83 qc','26.13','-128.89','1978-11-14 15:55:25','6','TragittoRide2'),
('90 vr','13 fw','-79.12','-131.06','2018-07-07 11:04:18','6','TragittoRide3'),
('92 eh','54 ul','-0.87','-82.94','1985-02-27 23:24:38','9','TrNoleggio3'),
('92 hv','18 az','-35.90','-124.64','2017-07-19 23:21:07','7','TrNoleggio1'),
('94 iq','18 az','-71.58','-85.16','1990-07-21 17:05:05','10','CodVariazione1'),
('94 pr','22 do','6.48','-11.04','1993-09-23 01:38:58','7','TragittoRide3'),
('96 dp','51 qk','46.02','-138.63','2003-04-24 09:34:52','8','TragittoRide3'),
('97 zu','26 xu','-84.24','-158.98','1970-03-02 16:57:36','4','TragPool2'),
('98 jb','89 jb','-78.57','-18.13','2007-03-05 07:59:26','9','TragittoRide3'),
('98 mm','13 fw','50.47','-80.40','1976-11-16 15:32:38','8','TrNoleggio1'),
('99 yx','05 pr','32.83','-136.56','2005-05-17 10:49:47','5','TragPool2'); 

INSERT INTO `intersezione` VALUES
('169','05 pr','293','03 hu'),
('108','07 re','426','03 hu'),
('740','10 vy','293','03 hu'),
('513','13 fw','169','05 pr'),
('89','18 az','169','05 pr'),
('141','22 do','169','05 pr'),
('42','26 xu','169','05 pr'),
('166','40 bo','302','07 re'),
('399','42 gm','108','07 re'),
('292','43 or','302','07 re'),
('118','48 tj','108','07 re'),
('16','49 bp','814','10 vy'),
('199','49 rt','740','10 vy'),
('9','51 qk','814','10 vy'),
('770','54 ul','814','10 vy'),
('346','55 xd','783','13 fw'),
('490','57 ij','513','13 fw'),
('561','57 ni','783','13 fw'),
('212','59 iv','513','13 fw'),
('422','66 xn','148','18 az'),
('361','67 dz','89','18 az'),
('378','67 js','148','18 az'),
('58','74 sy','148','18 az'),
('951','80 yb','247','22 do'),
('454','83 jy','141','22 do'),
('256','83 qc','247','22 do'),
('406','89 jb','141','22 do'),
('92','90 ss','345','26 xu'),
('404','94 de','345','26 xu'); 


INSERT INTO `relativa` VALUES ('00 ia','293','03 hu'),
('01 mw','426','03 hu'),
('01 sz','584','05 pr'),
('03 rv','584','05 pr'),
('07 jr','302','07 re'),
('07 zc','108','07 re'),
('09 ho','814','10 vy'),
('09 ss','740','10 vy'),
('10 kw','783','13 fw'),
('11 fl','513','13 fw'),
('12 yt','148','18 az'),
('13 jf','148','18 az'),
('14 bb','247','22 do'),
('14 cb','247','22 do'),
('15 sv','345','26 xu'),
('17 on','42','26 xu'),
('18 lg','498','40 bo'),
('18 xa','166','40 bo'),
('19 az','457','42 gm'),
('20 fg','399','42 gm'),
('20 ji','645','43 or'),
('21 fn','292','43 or'),
('21 ho','338','48 tj'),
('21 oc','338','48 tj'),
('22 wt','369','49 bp'),
('23 qn','369','49 bp'),
('24 no','122','49 rt'),
('24 xw','199','49 rt'),
('25 ag','436','51 qk'),
('25 py','436','51 qk'),
('27 fs','861','54 ul'),
('27 qn','770','54 ul'),
('27 ro','805','55 xd'),
('27 uu','346','55 xd'),
('28 cy','739','57 ij'),
('29 yw','490','57 ij'),
('31 ay','959','57 ni'),
('32 zw','561','57 ni'),
('34 fw','642','59 iv'),
('35 lm','212','59 iv'),
('35 qh','694','66 xn'),
('36 ij','422','66 xn'),
('37 nz','361','67 dz'),
('37 ow','752','67 dz'),
('38 uw','724','67 js'),
('39 cs','378','67 js'),
('39 ry','127','74 sy'),
('40 qh','58','74 sy'),
('41 eh','974','80 yb'),
('42 bx','951','80 yb'),
('42 is','798','83 jy'),
('43 aw','798','83 jy'),
('43 ze','742','83 qc'),
('44 vw','256','83 qc'),
('44 zc','963','89 jb'),
('47 wn','406','89 jb'),
('48 mp','913','90 ss'),
('49 ed','92','90 ss'),
('49 vr','404','94 de'),
('50 aa','500','94 de'),
('50 pz','293','03 hu'),
('53 pg','426','03 hu'),
('55 wr','169','05 pr'),
('56 ao','584','05 pr'),
('57 qe','302','07 re'),
('58 pn','108','07 re'),
('59 sz','814','10 vy'),
('60 ds','740','10 vy'),
('62 ma','783','13 fw'),
('63 ie','513','13 fw'),
('64 vm','148','18 az'),
('66 fn','148','18 az'),
('68 pn','141','22 do'),
('68 wj','247','22 do'),
('70 jy','42','26 xu'),
('71 lu','42','26 xu'),
('71 rl','498','40 bo'),
('72 aj','166','40 bo'),
('77 ey','457','42 gm'),
('77 xs','399','42 gm'),
('78 wv','645','43 or'),
('79 ao','292','43 or'),
('80 yl','118','48 tj'),
('81 ye','338','48 tj'),
('82 nw','369','49 bp'),
('84 lz','369','49 bp'),
('84 wn','122','49 rt'),
('85 tc','199','49 rt'),
('86 hf','9','51 qk'),
('88 fm','436','51 qk'),
('90 vr','770','54 ul'),
('92 eh','861','54 ul'),
('92 hv','805','55 xd'),
('94 iq','346','55 xd'),
('94 pr','490','57 ij'),
('96 dp','490','57 ij'),
('97 zu','561','57 ni'),
('98 jb','959','57 ni'),
('98 mm','642','59 iv'),
('99 yx','212','59 iv'); 
